run,job_index,job_id,dataset_id,method,track,seed,preprocessing_profile,output_type,scib_commit,metric__ARI_cluster/label,status__ARI_cluster/label,metric__ASW_label,status__ASW_label,metric__ASW_label/batch,status__ASW_label/batch,metric__NMI_cluster/label,status__NMI_cluster/label,metric__PCR_batch,status__PCR_batch,metric__cLISI,status__cLISI,metric__cell_cycle_conservation,status__cell_cycle_conservation,metric__graph_conn,status__graph_conn,metric__hvg_overlap,status__hvg_overlap,metric__iLISI,status__iLISI,metric__isolated_label_F1,status__isolated_label_F1,metric__isolated_label_silhouette,status__isolated_label_silhouette,metric__kBET,status__kBET,metric__trajectory,status__trajectory,split_seed,model_seed,anchor_seed,split_id,heldout_batch,dimension,expected_dimension,actual_dimension
primary_128d,5,core__immune_cell_human__hvg2000_pca40__solar_orthogonal__random_seed_40__s40__a0__l1p00,immune_cell_human,solar_orthogonal,core,40,hvg2000_pca40,embed,e2a37e0ed63dc34b60aa535cc656400552af757a,0.3415607963382056,computed,0.8387460112571716,computed,0.8549953336625364,computed,0.7350487341561537,computed,0.7200126675383561,computed,0.9999999999999998,computed,0.5696589791423647,computed,0.9891277980944996,computed,,not_applicable,1.375381102801767,computed,0.9013734741294414,computed,0.49309893837198615,computed,0.025262576607851916,computed,0.5540737853227762,computed,40.0,40.0,0.0,random_seed_40,,128,128,128.0
primary_128d,6,core__immune_cell_human__hvg2000_pca40__solar_orthogonal__random_seed_41__s41__a0__l1p00,immune_cell_human,solar_orthogonal,core,41,hvg2000_pca40,embed,e2a37e0ed63dc34b60aa535cc656400552af757a,0.3340536645137189,computed,0.8491791188716888,computed,0.85606302557174,computed,0.7372363630358553,computed,0.7169067249365834,computed,0.9999999999999998,computed,0.5703514623542378,computed,0.9900663375805161,computed,,not_applicable,1.3899366493891732,computed,0.8961828824706688,computed,0.493098936509341,computed,0.025127554214336767,computed,0.8513570025829511,computed,41.0,41.0,0.0,random_seed_41,,128,128,128.0
primary_128d,7,core__immune_cell_human__hvg2000_pca40__solar_orthogonal__random_seed_42__s42__a0__l1p00,immune_cell_human,solar_orthogonal,core,42,hvg2000_pca40,embed,e2a37e0ed63dc34b60aa535cc656400552af757a,0.33833489911242565,computed,0.8521970212459564,computed,0.855422032458824,computed,0.7403991298127228,computed,0.7327696087871634,computed,0.9999999999999998,computed,0.5678228238641474,computed,0.9905654796577816,computed,,not_applicable,1.3290441190018116,computed,0.9074332966185508,computed,0.4930989402346313,computed,0.018097129528786504,computed,0.8516941578935223,computed,42.0,42.0,0.0,random_seed_42,,128,128,128.0
primary_128d,8,core__immune_cell_human__hvg2000_pca40__solar_orthogonal__random_seed_43__s43__a0__l1p00,immune_cell_human,solar_orthogonal,core,43,hvg2000_pca40,embed,e2a37e0ed63dc34b60aa535cc656400552af757a,0.348463926915637,computed,0.8506599068641663,computed,0.8544132503434527,computed,0.7445159795334405,computed,0.7229512681981967,computed,0.9999999999999998,computed,0.5745194712931321,computed,0.9916791302541054,computed,,not_applicable,1.4466052816859625,computed,0.8784843060235344,computed,0.4930989374406636,computed,0.02118613667133662,computed,0.8537634160265468,computed,43.0,43.0,0.0,random_seed_43,,128,128,128.0
primary_128d,9,core__immune_cell_human__hvg2000_pca40__solar_orthogonal__random_seed_44__s44__a0__l1p00,immune_cell_human,solar_orthogonal,core,44,hvg2000_pca40,embed,e2a37e0ed63dc34b60aa535cc656400552af757a,0.37099224236577844,computed,0.8466886579990387,computed,0.8531712504506826,computed,0.7507582990514312,computed,0.717696417804757,computed,0.9999999999999998,computed,0.5708222060082091,computed,0.990422020021823,computed,,not_applicable,1.4188217444088602,computed,0.9035388112214489,computed,0.4930989355780184,computed,0.023731230812119142,computed,0.4512348368046119,computed,44.0,44.0,0.0,random_seed_44,,128,128,128.0
primary_128d,20,core__lung_atlas__hvg2000_pca40__solar_orthogonal__random_seed_40__s40__a0__l1p00,lung_atlas,solar_orthogonal,core,40,hvg2000_pca40,embed,e2a37e0ed63dc34b60aa535cc656400552af757a,0.5456540421780856,computed,0.8586778938770294,computed,0.8230384592686879,computed,0.8180307781294592,computed,0.6753935892734119,computed,0.9999999999999998,computed,0.7207119982095739,computed,0.7559284152301842,computed,,not_applicable,1.0871605411537706,computed,0.9339513325608342,computed,0.513547083362937,computed,0.013607798931706161,computed,,not_applicable,40.0,40.0,0.0,random_seed_40,,128,128,128.0
primary_128d,21,core__lung_atlas__hvg2000_pca40__solar_orthogonal__random_seed_41__s41__a0__l1p00,lung_atlas,solar_orthogonal,core,41,hvg2000_pca40,embed,e2a37e0ed63dc34b60aa535cc656400552af757a,0.5125332566177462,computed,0.8573581278324127,computed,0.8281307399312492,computed,0.8049975728547777,computed,0.67130720099817,computed,0.9999999999999998,computed,0.733736528075906,computed,0.8127008010211959,computed,,not_applicable,1.070492349715391,computed,0.9367088607594936,computed,0.5135470787063241,computed,0.01713933160044001,computed,,not_applicable,41.0,41.0,0.0,random_seed_41,,128,128,128.0
primary_128d,22,core__lung_atlas__hvg2000_pca40__solar_orthogonal__random_seed_42__s42__a0__l1p00,lung_atlas,solar_orthogonal,core,42,hvg2000_pca40,embed,e2a37e0ed63dc34b60aa535cc656400552af757a,0.48721019973261526,computed,0.8528972864151001,computed,0.8221877046749304,computed,0.7992561604382398,computed,0.6738900376657798,computed,0.9999999999999998,computed,0.7307175814583037,computed,0.8127253879292728,computed,,not_applicable,1.0628151962625534,computed,0.941860465116279,computed,0.5135470852255821,computed,0.006292433818226084,computed,,not_applicable,42.0,42.0,0.0,random_seed_42,,128,128,128.0
primary_128d,23,core__lung_atlas__hvg2000_pca40__solar_orthogonal__random_seed_43__s43__a0__l1p00,lung_atlas,solar_orthogonal,core,43,hvg2000_pca40,embed,e2a37e0ed63dc34b60aa535cc656400552af757a,0.5007133209778907,computed,0.8476206064224243,computed,0.8226928745281855,computed,0.7940761234247355,computed,0.6590847429776349,computed,0.9999999999999996,computed,0.7246366203228847,computed,0.7547707403229456,computed,,not_applicable,1.001017741521462,computed,0.9272727272727272,computed,0.5135470824316144,computed,0.008871578762913668,computed,,not_applicable,43.0,43.0,0.0,random_seed_43,,128,128,128.0
primary_128d,24,core__lung_atlas__hvg2000_pca40__solar_orthogonal__random_seed_44__s44__a0__l1p00,lung_atlas,solar_orthogonal,core,44,hvg2000_pca40,embed,e2a37e0ed63dc34b60aa535cc656400552af757a,0.5118511782463975,computed,0.8573272526264191,computed,0.8176301209108778,computed,0.8046478205677634,computed,0.6685599982820785,computed,0.9999999999999998,computed,0.7258988970481697,computed,0.9297437116565788,computed,,not_applicable,1.103714852756716,computed,0.9432213209733488,computed,0.5135470815002918,computed,0.013682839782287681,computed,,not_applicable,44.0,44.0,0.0,random_seed_44,,128,128,128.0
primary_128d,35,core__pancreas__hvg2000_pca40__solar_orthogonal__random_seed_40__s40__a0__l1p00,pancreas,solar_orthogonal,core,40,hvg2000_pca40,embed,e2a37e0ed63dc34b60aa535cc656400552af757a,0.35771274120297686,computed,0.9238013029098511,computed,0.8711448527955313,computed,0.7383376523949121,computed,0.9263069407326054,computed,1.0,computed,0.31449323793819167,computed,0.9172719418587837,computed,,not_applicable,1.4697598951442026,computed,0.2641509433962264,computed,0.49594214651733637,computed,0.001648782398994575,computed,,not_applicable,40.0,40.0,0.0,random_seed_40,,128,128,128.0
primary_128d,36,core__pancreas__hvg2000_pca40__solar_orthogonal__random_seed_41__s41__a0__l1p00,pancreas,solar_orthogonal,core,41,hvg2000_pca40,embed,e2a37e0ed63dc34b60aa535cc656400552af757a,0.3570766559511398,computed,0.9199102520942688,computed,0.8697380696952507,computed,0.73544629596338,computed,0.9262789110679795,computed,1.0,computed,0.3048878269823059,computed,0.9251168383094084,computed,,not_applicable,1.3324653859491207,computed,0.2692307692307693,computed,0.49594215024262667,computed,0.0012160956881456242,computed,,not_applicable,41.0,41.0,0.0,random_seed_41,,128,128,128.0
primary_128d,37,core__pancreas__hvg2000_pca40__solar_orthogonal__random_seed_42__s42__a0__l1p00,pancreas,solar_orthogonal,core,42,hvg2000_pca40,embed,e2a37e0ed63dc34b60aa535cc656400552af757a,0.3506801379893577,computed,0.915245771408081,computed,0.8569318552906907,computed,0.7383037034978798,computed,0.9231775350233722,computed,1.0,computed,0.30906704520982586,computed,0.785908804648538,computed,,not_applicable,1.2379605592495313,computed,0.2641509433962264,computed,0.4959421483799815,computed,0.015046044697400562,computed,,not_applicable,42.0,42.0,0.0,random_seed_42,,128,128,128.0
primary_128d,38,core__pancreas__hvg2000_pca40__solar_orthogonal__random_seed_43__s43__a0__l1p00,pancreas,solar_orthogonal,core,43,hvg2000_pca40,embed,e2a37e0ed63dc34b60aa535cc656400552af757a,0.3461554999947644,computed,0.9211086928844452,computed,0.8526185761594782,computed,0.7386520964972355,computed,0.9253253685331084,computed,1.0,computed,0.3052963608307419,computed,0.8444530936848624,computed,,not_applicable,1.4101669947467461,computed,0.2692307692307693,computed,0.4959421493113041,computed,0.003783374676283646,computed,,not_applicable,43.0,43.0,0.0,random_seed_43,,128,128,128.0
primary_128d,39,core__pancreas__hvg2000_pca40__solar_orthogonal__random_seed_44__s44__a0__l1p00,pancreas,solar_orthogonal,core,44,hvg2000_pca40,embed,e2a37e0ed63dc34b60aa535cc656400552af757a,0.35285755502190064,computed,0.9226531684398651,computed,0.8608321685519872,computed,0.7368436715591586,computed,0.9250876181980049,computed,1.0,computed,0.31294657343980703,computed,0.9774124232114191,computed,,not_applicable,1.471235819847133,computed,0.2692307692307693,computed,0.4959421483799815,computed,0.001150778215208148,computed,,not_applicable,44.0,44.0,0.0,random_seed_44,,128,128,128.0
primary_128d,50,core__simulation_1__hvg2000_pca40__solar_orthogonal__random_seed_40__s40__a0__l1p00,simulation_1,solar_orthogonal,core,40,hvg2000_pca40,embed,e2a37e0ed63dc34b60aa535cc656400552af757a,0.45245464237311267,computed,0.957900881767273,computed,0.9329613825957451,computed,0.761109950849743,computed,0.9347201448879847,computed,1.0,computed,,not_applicable,1.0,computed,,not_applicable,1.4349300367470619,computed,0.9975429975429976,computed,0.5308207180351019,computed,0.08891585840861083,computed,,not_applicable,40.0,40.0,0.0,random_seed_40,,128,128,128.0
primary_128d,51,core__simulation_1__hvg2000_pca40__solar_orthogonal__random_seed_41__s41__a0__l1p00,simulation_1,solar_orthogonal,core,41,hvg2000_pca40,embed,e2a37e0ed63dc34b60aa535cc656400552af757a,0.4315414092487948,computed,0.9581728875637054,computed,0.9349701349228697,computed,0.7557399330500961,computed,0.9331694192970558,computed,1.0,computed,,not_applicable,1.0,computed,,not_applicable,1.2903363339234422,computed,1.0,computed,0.530820719897747,computed,0.08131957777226628,computed,,not_applicable,41.0,41.0,0.0,random_seed_41,,128,128,128.0
primary_128d,52,core__simulation_1__hvg2000_pca40__solar_orthogonal__random_seed_42__s42__a0__l1p00,simulation_1,solar_orthogonal,core,42,hvg2000_pca40,embed,e2a37e0ed63dc34b60aa535cc656400552af757a,0.5360058502875789,computed,0.9582732021808624,computed,0.938851847388281,computed,0.7932029171026569,computed,0.9333911606465527,computed,1.0,computed,,not_applicable,1.0,computed,,not_applicable,1.3821768766532347,computed,1.0,computed,0.530820719897747,computed,0.07687732627484878,computed,,not_applicable,42.0,42.0,0.0,random_seed_42,,128,128,128.0
primary_128d,53,core__simulation_1__hvg2000_pca40__solar_orthogonal__random_seed_43__s43__a0__l1p00,simulation_1,solar_orthogonal,core,43,hvg2000_pca40,embed,e2a37e0ed63dc34b60aa535cc656400552af757a,0.5049576273658176,computed,0.9584755003452301,computed,0.9392927057619739,computed,0.7817548756415781,computed,0.9313347419150793,computed,1.0,computed,,not_applicable,1.0,computed,,not_applicable,1.4842077083386314,computed,1.0,computed,0.530820719897747,computed,0.12257993789689914,computed,,not_applicable,43.0,43.0,0.0,random_seed_43,,128,128,128.0
primary_128d,54,core__simulation_1__hvg2000_pca40__solar_orthogonal__random_seed_44__s44__a0__l1p00,simulation_1,solar_orthogonal,core,44,hvg2000_pca40,embed,e2a37e0ed63dc34b60aa535cc656400552af757a,0.5322794775177168,computed,0.9581509530544281,computed,0.9315955805927576,computed,0.7943857463933143,computed,0.9324145262043251,computed,1.0,computed,,not_applicable,1.0,computed,,not_applicable,1.4749775547891044,computed,0.9975429975429976,computed,0.530820719897747,computed,0.17963266246736176,computed,,not_applicable,44.0,44.0,0.0,random_seed_44,,128,128,128.0
primary_128d,65,core__simulation_2__hvg2000_pca40__solar_orthogonal__random_seed_40__s40__a0__l1p00,simulation_2,solar_orthogonal,core,40,hvg2000_pca40,embed,e2a37e0ed63dc34b60aa535cc656400552af757a,0.2710522956162502,computed,0.9791454970836639,computed,0.9313318814767853,computed,0.6178681745921684,computed,0.4392176408431915,computed,1.0,computed,,not_applicable,1.0,computed,,not_applicable,0.10966678762352333,computed,0.4749365482233502,computed,0.5326087363064289,computed,0.007260722702550182,computed,,not_applicable,40.0,40.0,0.0,random_seed_40,,128,128,128.0
primary_128d,66,core__simulation_2__hvg2000_pca40__solar_orthogonal__random_seed_41__s41__a0__l1p00,simulation_2,solar_orthogonal,core,41,hvg2000_pca40,embed,e2a37e0ed63dc34b60aa535cc656400552af757a,0.26356163172057423,computed,0.9783205389976501,computed,0.9284186669690372,computed,0.6130381149863796,computed,0.43856327462209094,computed,1.0,computed,,not_applicable,1.0,computed,,not_applicable,0.11215308799677892,computed,0.45855379188712525,computed,0.5326087363064289,computed,0.0049654725979542125,computed,,not_applicable,41.0,41.0,0.0,random_seed_41,,128,128,128.0
primary_128d,67,core__simulation_2__hvg2000_pca40__solar_orthogonal__random_seed_42__s42__a0__l1p00,simulation_2,solar_orthogonal,core,42,hvg2000_pca40,embed,e2a37e0ed63dc34b60aa535cc656400552af757a,0.26844736622083,computed,0.9799640476703644,computed,0.9406374045811968,computed,0.6151850059264545,computed,0.4387648090434358,computed,1.0,computed,,not_applicable,1.0,computed,,not_applicable,0.08729867968121074,computed,0.4688644688644688,computed,0.5326087363064289,computed,0.0025376067123870083,computed,,not_applicable,42.0,42.0,0.0,random_seed_42,,128,128,128.0
primary_128d,68,core__simulation_2__hvg2000_pca40__solar_orthogonal__random_seed_43__s43__a0__l1p00,simulation_2,solar_orthogonal,core,43,hvg2000_pca40,embed,e2a37e0ed63dc34b60aa535cc656400552af757a,0.2585098962058251,computed,0.9782713651657104,computed,0.9309436229234125,computed,0.6083739329495281,computed,0.44091489533949935,computed,1.0,computed,,not_applicable,1.0,computed,,not_applicable,0.08266722510823765,computed,0.45284840682330224,computed,0.5326087363064289,computed,0.005739874135762824,computed,,not_applicable,43.0,43.0,0.0,random_seed_43,,128,128,128.0
primary_128d,69,core__simulation_2__hvg2000_pca40__solar_orthogonal__random_seed_44__s44__a0__l1p00,simulation_2,solar_orthogonal,core,44,hvg2000_pca40,embed,e2a37e0ed63dc34b60aa535cc656400552af757a,0.25859278040464906,computed,0.9790869057178497,computed,0.937174977996083,computed,0.6083722997527318,computed,0.4396528526926945,computed,1.0,computed,,not_applicable,1.0,computed,,not_applicable,0.1097383016074045,computed,0.47348364560177836,computed,0.5326087363064289,computed,0.005139027877470337,computed,,not_applicable,44.0,44.0,0.0,random_seed_44,,128,128,128.0
dim30,0,core__immune_cell_human__hvg2000_pca40__solar_orthogonal__random_seed_40__s40__a0__l1p00,immune_cell_human,solar_orthogonal,core,40,hvg2000_pca40,embed,e2a37e0ed63dc34b60aa535cc656400552af757a,0.37010531666799246,computed,0.8512081801891327,computed,0.858500875700192,computed,0.7549149100748362,computed,0.7305760794585366,computed,0.9999999999999998,computed,0.5541765274419875,computed,0.9892699193177759,computed,,not_applicable,1.6454012146774826,computed,0.9452307113895847,computed,0.49309893837198615,computed,0.026808920190107277,computed,0.5558394831148675,computed,40.0,40.0,0.0,random_seed_40,,30,30,30.0
dim30,1,core__immune_cell_human__hvg2000_pca40__solar_orthogonal__random_seed_41__s41__a0__l1p00,immune_cell_human,solar_orthogonal,core,41,hvg2000_pca40,embed,e2a37e0ed63dc34b60aa535cc656400552af757a,0.4024332721665498,computed,0.8557853996753693,computed,0.8558149431012193,computed,0.7671329803768332,computed,0.7258612530990459,computed,0.9999999999999998,computed,0.5610924613869429,computed,0.9899562637822922,computed,,not_applicable,1.6876846451043788,computed,0.900529233146754,computed,0.493098936509341,computed,0.032361496348308094,computed,0.8522256103051438,computed,41.0,41.0,0.0,random_seed_41,,30,30,30.0
dim30,2,core__immune_cell_human__hvg2000_pca40__solar_orthogonal__random_seed_42__s42__a0__l1p00,immune_cell_human,solar_orthogonal,core,42,hvg2000_pca40,embed,e2a37e0ed63dc34b60aa535cc656400552af757a,0.3901879586515486,computed,0.8564935624599457,computed,0.84980267813956,computed,0.7635468207730973,computed,0.7363341840443923,computed,0.9999999999999998,computed,0.5511078088083516,computed,0.9915977338663003,computed,,not_applicable,1.7518836964533673,computed,0.9080631940231801,computed,0.4930989402346313,computed,0.030642381957047604,computed,0.8518170264972775,computed,42.0,42.0,0.0,random_seed_42,,30,30,30.0
dim30,3,core__immune_cell_human__hvg2000_pca40__solar_orthogonal__random_seed_43__s43__a0__l1p00,immune_cell_human,solar_orthogonal,core,43,hvg2000_pca40,embed,e2a37e0ed63dc34b60aa535cc656400552af757a,0.40786696264336836,computed,0.8547830283641815,computed,0.8506569843805339,computed,0.7748303678400347,computed,0.7278928731336705,computed,0.9999999999999998,computed,0.560566464355059,computed,0.9932438412688516,computed,,not_applicable,1.7327458751445084,computed,0.9217237278677445,computed,0.4930989374406636,computed,0.027639147404788567,computed,0.39987375681433235,computed,43.0,43.0,0.0,random_seed_43,,30,30,30.0
dim30,4,core__immune_cell_human__hvg2000_pca40__solar_orthogonal__random_seed_44__s44__a0__l1p00,immune_cell_human,solar_orthogonal,core,44,hvg2000_pca40,embed,e2a37e0ed63dc34b60aa535cc656400552af757a,0.4026476256001051,computed,0.8524837791919708,computed,0.8461213562249309,computed,0.77026580959466,computed,0.7256356550716639,computed,0.9999999999999998,computed,0.5678057846016277,computed,0.9838596885158251,computed,,not_applicable,1.7504932859774414,computed,0.9419834479940897,computed,0.4930989355780184,computed,0.02858270749836045,computed,0.5535556821363609,computed,44.0,44.0,0.0,random_seed_44,,30,30,30.0
dim30,5,core__lung_atlas__hvg2000_pca40__solar_orthogonal__random_seed_40__s40__a0__l1p00,lung_atlas,solar_orthogonal,core,40,hvg2000_pca40,embed,e2a37e0ed63dc34b60aa535cc656400552af757a,0.5237889586172819,computed,0.8468332588672638,computed,0.8108228915141834,computed,0.8063379891648317,computed,0.6609236911719689,computed,0.9999999999999996,computed,0.7099450517277467,computed,0.7536082162348109,computed,,not_applicable,1.2811520692468306,computed,0.9337979094076655,computed,0.513547083362937,computed,0.015648330424396506,computed,,not_applicable,40.0,40.0,0.0,random_seed_40,,30,30,30.0
dim30,6,core__lung_atlas__hvg2000_pca40__solar_orthogonal__random_seed_41__s41__a0__l1p00,lung_atlas,solar_orthogonal,core,41,hvg2000_pca40,embed,e2a37e0ed63dc34b60aa535cc656400552af757a,0.5541924833867589,computed,0.8505540490150452,computed,0.8181587437927897,computed,0.8160138710330924,computed,0.6768807110369633,computed,0.9999999999999998,computed,0.7039681861691496,computed,0.8128303718179006,computed,,not_applicable,1.3939232438777975,computed,0.9439809296781884,computed,0.5135470787063241,computed,0.012287604358782067,computed,,not_applicable,41.0,41.0,0.0,random_seed_41,,30,30,30.0
dim30,7,core__lung_atlas__hvg2000_pca40__solar_orthogonal__random_seed_42__s42__a0__l1p00,lung_atlas,solar_orthogonal,core,42,hvg2000_pca40,embed,e2a37e0ed63dc34b60aa535cc656400552af757a,0.5355442949093561,computed,0.857228010892868,computed,0.8119435580669206,computed,0.8117545637854561,computed,0.6817935525778943,computed,0.9999999999999998,computed,0.7072537653214437,computed,0.812493287944427,computed,,not_applicable,1.4557618364658187,computed,0.9467592592592593,computed,0.5135470852255821,computed,0.008007146467660431,computed,,not_applicable,42.0,42.0,0.0,random_seed_42,,30,30,30.0
dim30,8,core__lung_atlas__hvg2000_pca40__solar_orthogonal__random_seed_43__s43__a0__l1p00,lung_atlas,solar_orthogonal,core,43,hvg2000_pca40,embed,e2a37e0ed63dc34b60aa535cc656400552af757a,0.5635330074836696,computed,0.8569839894771576,computed,0.8119369253276086,computed,0.8162982586867138,computed,0.6661770692894453,computed,0.9999999999999998,computed,0.6890708307566229,computed,0.8717173021928843,computed,,not_applicable,1.3743538918606317,computed,0.9379310344827586,computed,0.5135470824316144,computed,0.01164745700644243,computed,,not_applicable,43.0,43.0,0.0,random_seed_43,,30,30,30.0
dim30,9,core__lung_atlas__hvg2000_pca40__solar_orthogonal__random_seed_44__s44__a0__l1p00,lung_atlas,solar_orthogonal,core,44,hvg2000_pca40,embed,e2a37e0ed63dc34b60aa535cc656400552af757a,0.5420925483341748,computed,0.847997784614563,computed,0.8142211542847013,computed,0.8141700302030497,computed,0.6774271175007417,computed,0.9999999999999996,computed,0.7083270717024145,computed,0.8134358529646804,computed,,not_applicable,1.3715186339184515,computed,0.9152542372881356,computed,0.5135470815002918,computed,0.018154625924507006,computed,,not_applicable,44.0,44.0,0.0,random_seed_44,,30,30,30.0
dim30,10,core__pancreas__hvg2000_pca40__solar_orthogonal__random_seed_40__s40__a0__l1p00,pancreas,solar_orthogonal,core,40,hvg2000_pca40,embed,e2a37e0ed63dc34b60aa535cc656400552af757a,0.41123505663168114,computed,0.9288100302219391,computed,0.8525658450755317,computed,0.7593219499523731,computed,0.9282926004956492,computed,1.0,computed,0.32242882657182614,computed,0.9919412597298302,computed,,not_applicable,2.139687892710068,computed,0.25925925925925924,computed,0.49594214651733637,computed,0.0005081328770135674,computed,,not_applicable,40.0,40.0,0.0,random_seed_40,,30,30,30.0
dim30,11,core__pancreas__hvg2000_pca40__solar_orthogonal__random_seed_41__s41__a0__l1p00,pancreas,solar_orthogonal,core,41,hvg2000_pca40,embed,e2a37e0ed63dc34b60aa535cc656400552af757a,0.41259701052154696,computed,0.9198397696018219,computed,0.8550725708443226,computed,0.7550015752682437,computed,0.92785258374729,computed,1.0,computed,0.3095765444335416,computed,0.9221893646199865,computed,,not_applicable,2.0863160977656046,computed,0.2692307692307693,computed,0.49594215024262667,computed,0.003097315580934623,computed,,not_applicable,41.0,41.0,0.0,random_seed_41,,30,30,30.0
dim30,12,core__pancreas__hvg2000_pca40__solar_orthogonal__random_seed_42__s42__a0__l1p00,pancreas,solar_orthogonal,core,42,hvg2000_pca40,embed,e2a37e0ed63dc34b60aa535cc656400552af757a,0.36717300601588715,computed,0.9063403904438019,computed,0.8535087548244581,computed,0.7360421420363951,computed,0.9228815184039396,computed,1.0,computed,0.3139358188038664,computed,0.7883461564527605,computed,,not_applicable,2.01734872060228,computed,0.2641509433962264,computed,0.4959421483799815,computed,0.004979438249992696,computed,,not_applicable,42.0,42.0,0.0,random_seed_42,,30,30,30.0
dim30,13,core__pancreas__hvg2000_pca40__solar_orthogonal__random_seed_43__s43__a0__l1p00,pancreas,solar_orthogonal,core,43,hvg2000_pca40,embed,e2a37e0ed63dc34b60aa535cc656400552af757a,0.4141274637836339,computed,0.922814667224884,computed,0.8506929465567661,computed,0.7590429290007233,computed,0.9281110291238786,computed,1.0,computed,0.2974433794279295,computed,0.8480819890519973,computed,,not_applicable,2.2460159151913723,computed,0.2692307692307693,computed,0.4959421493113041,computed,0.001129355011590616,computed,,not_applicable,43.0,43.0,0.0,random_seed_43,,30,30,30.0
dim30,14,core__pancreas__hvg2000_pca40__solar_orthogonal__random_seed_44__s44__a0__l1p00,pancreas,solar_orthogonal,core,44,hvg2000_pca40,embed,e2a37e0ed63dc34b60aa535cc656400552af757a,0.389209379714441,computed,0.9177614450454712,computed,0.8530348564529734,computed,0.7555114180929281,computed,0.9260200618093625,computed,1.0,computed,0.304112298951782,computed,0.9227803826301109,computed,,not_applicable,2.2243709753566234,computed,0.2692307692307693,computed,0.4959421483799815,computed,0.0006310019149242674,computed,,not_applicable,44.0,44.0,0.0,random_seed_44,,30,30,30.0
dim30,15,core__simulation_1__hvg2000_pca40__solar_orthogonal__random_seed_40__s40__a0__l1p00,simulation_1,solar_orthogonal,core,40,hvg2000_pca40,embed,e2a37e0ed63dc34b60aa535cc656400552af757a,0.4780159804746642,computed,0.9621711671352386,computed,0.9277884334157943,computed,0.7815632889591115,computed,0.9333297859708409,computed,1.0,computed,,not_applicable,1.0,computed,,not_applicable,2.070256649957476,computed,1.0,computed,0.5308207180351019,computed,0.08733687425395154,computed,,not_applicable,40.0,40.0,0.0,random_seed_40,,30,30,30.0
dim30,16,core__simulation_1__hvg2000_pca40__solar_orthogonal__random_seed_41__s41__a0__l1p00,simulation_1,solar_orthogonal,core,41,hvg2000_pca40,embed,e2a37e0ed63dc34b60aa535cc656400552af757a,0.47871820526800946,computed,0.9624604284763336,computed,0.9331202885562023,computed,0.7805123080251531,computed,0.9335314895839155,computed,1.0,computed,,not_applicable,1.0,computed,,not_applicable,2.035539574033775,computed,1.0,computed,0.530820719897747,computed,0.12491701525556886,computed,,not_applicable,41.0,41.0,0.0,random_seed_41,,30,30,30.0
dim30,17,core__simulation_1__hvg2000_pca40__solar_orthogonal__random_seed_42__s42__a0__l1p00,simulation_1,solar_orthogonal,core,42,hvg2000_pca40,embed,e2a37e0ed63dc34b60aa535cc656400552af757a,0.46000660796770704,computed,0.9621048271656036,computed,0.9315699919528768,computed,0.7724693308954952,computed,0.9334437742787199,computed,1.0,computed,,not_applicable,1.0,computed,,not_applicable,2.0913485205384608,computed,1.0,computed,0.530820719897747,computed,0.11040239392396078,computed,,not_applicable,42.0,42.0,0.0,random_seed_42,,30,30,30.0
dim30,18,core__simulation_1__hvg2000_pca40__solar_orthogonal__random_seed_43__s43__a0__l1p00,simulation_1,solar_orthogonal,core,43,hvg2000_pca40,embed,e2a37e0ed63dc34b60aa535cc656400552af757a,0.46332288120001763,computed,0.9618353545665741,computed,0.9309078087976628,computed,0.7778890056128975,computed,0.931965792503569,computed,1.0,computed,,not_applicable,1.0,computed,,not_applicable,2.1880936376710407,computed,1.0,computed,0.530820719897747,computed,0.16295898475762738,computed,,not_applicable,43.0,43.0,0.0,random_seed_43,,30,30,30.0
dim30,19,core__simulation_1__hvg2000_pca40__solar_orthogonal__random_seed_44__s44__a0__l1p00,simulation_1,solar_orthogonal,core,44,hvg2000_pca40,embed,e2a37e0ed63dc34b60aa535cc656400552af757a,0.5099442427676312,computed,0.961618185043335,computed,0.9293450876058224,computed,0.7993835656548337,computed,0.9330263425956968,computed,1.0,computed,,not_applicable,1.0,computed,,not_applicable,2.0734971313811013,computed,0.9975429975429976,computed,0.530820719897747,computed,0.15584658797164141,computed,,not_applicable,44.0,44.0,0.0,random_seed_44,,30,30,30.0
dim30,20,core__simulation_2__hvg2000_pca40__solar_orthogonal__random_seed_40__s40__a0__l1p00,simulation_2,solar_orthogonal,core,40,hvg2000_pca40,embed,e2a37e0ed63dc34b60aa535cc656400552af757a,0.4332269303307007,computed,0.9816473722457886,computed,0.9314498895323864,computed,0.7079571680552821,computed,0.43813092307698437,computed,1.0,computed,,not_applicable,1.0,computed,,not_applicable,1.985594635254595,computed,0.6502878000842341,computed,0.5326087363064289,computed,0.09800833356702099,computed,,not_applicable,40.0,40.0,0.0,random_seed_40,,30,30,30.0
dim30,21,core__simulation_2__hvg2000_pca40__solar_orthogonal__random_seed_41__s41__a0__l1p00,simulation_2,solar_orthogonal,core,41,hvg2000_pca40,embed,e2a37e0ed63dc34b60aa535cc656400552af757a,0.35253766879851484,computed,0.9814801812171936,computed,0.9309360514538261,computed,0.6678469368737728,computed,0.436542362687469,computed,1.0,computed,,not_applicable,1.0,computed,,not_applicable,1.9778383649353262,computed,0.49263091878331766,computed,0.5326087363064289,computed,0.05826995551204328,computed,,not_applicable,41.0,41.0,0.0,random_seed_41,,30,30,30.0
dim30,22,core__simulation_2__hvg2000_pca40__solar_orthogonal__random_seed_42__s42__a0__l1p00,simulation_2,solar_orthogonal,core,42,hvg2000_pca40,embed,e2a37e0ed63dc34b60aa535cc656400552af757a,0.38990296213399833,computed,0.9822530448436737,computed,0.9460378157468373,computed,0.6892283742467461,computed,0.43583562557341127,computed,1.0,computed,,not_applicable,1.0,computed,,not_applicable,2.035619849154447,computed,0.46910828025477713,computed,0.5326087363064289,computed,0.06043577178273796,computed,,not_applicable,42.0,42.0,0.0,random_seed_42,,30,30,30.0
dim30,23,core__simulation_2__hvg2000_pca40__solar_orthogonal__random_seed_43__s43__a0__l1p00,simulation_2,solar_orthogonal,core,43,hvg2000_pca40,embed,e2a37e0ed63dc34b60aa535cc656400552af757a,0.3853369770601723,computed,0.9814485907554626,computed,0.9296209327170962,computed,0.6871083236073673,computed,0.4372995853870536,computed,1.0,computed,,not_applicable,1.0,computed,,not_applicable,1.8112693704744802,computed,0.5505804311774462,computed,0.5326087363064289,computed,0.15039734164336638,computed,,not_applicable,43.0,43.0,0.0,random_seed_43,,30,30,30.0
dim30,24,core__simulation_2__hvg2000_pca40__solar_orthogonal__random_seed_44__s44__a0__l1p00,simulation_2,solar_orthogonal,core,44,hvg2000_pca40,embed,e2a37e0ed63dc34b60aa535cc656400552af757a,0.38189241293194337,computed,0.9810808300971985,computed,0.9338667994489216,computed,0.6852250668902325,computed,0.4377383309083284,computed,1.0,computed,,not_applicable,1.0,computed,,not_applicable,1.8898084757536244,computed,0.6098901098901098,computed,0.5326087363064289,computed,0.1045992980005902,computed,,not_applicable,44.0,44.0,0.0,random_seed_44,,30,30,30.0
dim64,0,core__immune_cell_human__hvg2000_pca40__solar_orthogonal__random_seed_40__s40__a0__l1p00,immune_cell_human,solar_orthogonal,core,40,hvg2000_pca40,embed,e2a37e0ed63dc34b60aa535cc656400552af757a,0.34205442261717933,computed,0.8480911552906036,computed,0.8600776719458542,computed,0.7413314384469787,computed,0.7178157163372367,computed,0.9999999999999998,computed,0.5670473641121436,computed,0.990431692114615,computed,,not_applicable,1.5378685728716643,computed,0.8967284525123854,computed,0.49309893837198615,computed,0.027940482678399103,computed,0.5470620313631724,computed,40.0,40.0,0.0,random_seed_40,,64,64,64.0
dim64,1,core__immune_cell_human__hvg2000_pca40__solar_orthogonal__random_seed_41__s41__a0__l1p00,immune_cell_human,solar_orthogonal,core,41,hvg2000_pca40,embed,e2a37e0ed63dc34b60aa535cc656400552af757a,0.40410015775322533,computed,0.8523200750350952,computed,0.8556603806865951,computed,0.767787794651397,computed,0.7122664911904166,computed,0.9999999999999998,computed,0.5714132835069602,computed,0.9895251351770984,computed,,not_applicable,1.5052796403734852,computed,0.8993552069234843,computed,0.493098936509341,computed,0.030135037779719043,computed,0.8597299543925062,computed,41.0,41.0,0.0,random_seed_41,,64,64,64.0
dim64,2,core__immune_cell_human__hvg2000_pca40__solar_orthogonal__random_seed_42__s42__a0__l1p00,immune_cell_human,solar_orthogonal,core,42,hvg2000_pca40,embed,e2a37e0ed63dc34b60aa535cc656400552af757a,0.3742985378377008,computed,0.8533928990364075,computed,0.8546532028064924,computed,0.7558347517551963,computed,0.7316064536133009,computed,0.9999999999999998,computed,0.5658514500982218,computed,0.9914235467693593,computed,,not_applicable,1.5114330112117216,computed,0.8851896240430939,computed,0.4930989402346313,computed,0.02969749373399022,computed,0.8523140209920976,computed,42.0,42.0,0.0,random_seed_42,,64,64,64.0
dim64,3,core__immune_cell_human__hvg2000_pca40__solar_orthogonal__random_seed_43__s43__a0__l1p00,immune_cell_human,solar_orthogonal,core,43,hvg2000_pca40,embed,e2a37e0ed63dc34b60aa535cc656400552af757a,0.3498858726874934,computed,0.8518818616867065,computed,0.8544864408519044,computed,0.7480088259176505,computed,0.7245200364916291,computed,0.9999999999999998,computed,0.5629442296493579,computed,0.9921524123771946,computed,,not_applicable,1.4933644960654737,computed,0.8934561313643521,computed,0.4930989374406636,computed,0.021643594401904886,computed,0.849576845855971,computed,43.0,43.0,0.0,random_seed_43,,64,64,64.0
dim64,4,core__immune_cell_human__hvg2000_pca40__solar_orthogonal__random_seed_44__s44__a0__l1p00,immune_cell_human,solar_orthogonal,core,44,hvg2000_pca40,embed,e2a37e0ed63dc34b60aa535cc656400552af757a,0.4151167006222353,computed,0.8504848480224609,computed,0.8530895308903932,computed,0.7679281801224175,computed,0.7193776614210142,computed,0.9999999999999998,computed,0.5728236996440638,computed,0.9913244513052386,computed,,not_applicable,1.5612926063075943,computed,0.9035903344650345,computed,0.4930989355780184,computed,0.026463402072686604,computed,0.5457166323185731,computed,44.0,44.0,0.0,random_seed_44,,64,64,64.0
dim64,5,core__lung_atlas__hvg2000_pca40__solar_orthogonal__random_seed_40__s40__a0__l1p00,lung_atlas,solar_orthogonal,core,40,hvg2000_pca40,embed,e2a37e0ed63dc34b60aa535cc656400552af757a,0.5260009044236957,computed,0.8496908843517303,computed,0.8164464978122101,computed,0.8057741850536921,computed,0.6722554326517526,computed,0.9999999999999996,computed,0.727064929887083,computed,0.7566006884410775,computed,,not_applicable,1.1466904489151095,computed,0.9298043728423475,computed,0.513547083362937,computed,0.014474933765024844,computed,,not_applicable,40.0,40.0,0.0,random_seed_40,,64,64,64.0
dim64,6,core__lung_atlas__hvg2000_pca40__solar_orthogonal__random_seed_41__s41__a0__l1p00,lung_atlas,solar_orthogonal,core,41,hvg2000_pca40,embed,e2a37e0ed63dc34b60aa535cc656400552af757a,0.5320784219075249,computed,0.8467412889003754,computed,0.8252024486677009,computed,0.8099477773148835,computed,0.6752957474517228,computed,0.9999999999999996,computed,0.728554530537275,computed,0.7546547195679172,computed,,not_applicable,1.1408078390652778,computed,0.9389671361502347,computed,0.5135470787063241,computed,0.010592272075918618,computed,,not_applicable,41.0,41.0,0.0,random_seed_41,,64,64,64.0
dim64,7,core__lung_atlas__hvg2000_pca40__solar_orthogonal__random_seed_42__s42__a0__l1p00,lung_atlas,solar_orthogonal,core,42,hvg2000_pca40,embed,e2a37e0ed63dc34b60aa535cc656400552af757a,0.5086968847753444,computed,0.8492966890335083,computed,0.81592740711393,computed,0.8012746645603315,computed,0.6679717844998725,computed,0.9999999999999996,computed,0.7327138807585405,computed,0.8119444842625473,computed,,not_applicable,1.156821801549663,computed,0.9417249417249417,computed,0.5135470852255821,computed,0.0028216123398265847,computed,,not_applicable,42.0,42.0,0.0,random_seed_42,,64,64,64.0
dim64,8,core__lung_atlas__hvg2000_pca40__solar_orthogonal__random_seed_43__s43__a0__l1p00,lung_atlas,solar_orthogonal,core,43,hvg2000_pca40,embed,e2a37e0ed63dc34b60aa535cc656400552af757a,0.52738098314832,computed,0.8559329509735107,computed,0.8142375802152576,computed,0.8075049818142472,computed,0.6686467531910778,computed,0.9999999999999998,computed,0.7071293321590018,computed,0.8731335330707758,computed,,not_applicable,1.1630841442115387,computed,0.928652321630804,computed,0.5135470824316144,computed,0.007980306005180182,computed,,not_applicable,43.0,43.0,0.0,random_seed_43,,64,64,64.0
dim64,9,core__lung_atlas__hvg2000_pca40__solar_orthogonal__random_seed_44__s44__a0__l1p00,lung_atlas,solar_orthogonal,core,44,hvg2000_pca40,embed,e2a37e0ed63dc34b60aa535cc656400552af757a,0.5211935346567123,computed,0.8484193086624146,computed,0.817992196889989,computed,0.8055613600322541,computed,0.6637974134546227,computed,0.9999999999999996,computed,0.7316652714334375,computed,0.8710415287664319,computed,,not_applicable,1.1746887475200678,computed,0.9294797687861273,computed,0.5135470815002918,computed,0.014535611271193516,computed,,not_applicable,44.0,44.0,0.0,random_seed_44,,64,64,64.0
dim64,10,core__pancreas__hvg2000_pca40__solar_orthogonal__random_seed_40__s40__a0__l1p00,pancreas,solar_orthogonal,core,40,hvg2000_pca40,embed,e2a37e0ed63dc34b60aa535cc656400552af757a,0.36946874013405284,computed,0.9260273873806,computed,0.8669398995817749,computed,0.7384685134853166,computed,0.9268618914495776,computed,1.0,computed,0.31451518942390566,computed,0.980633748491325,computed,,not_applicable,1.8921196456114378,computed,0.23076923076923078,computed,0.49594214651733637,computed,0.0041774954885782645,computed,,not_applicable,40.0,40.0,0.0,random_seed_40,,64,64,64.0
dim64,11,core__pancreas__hvg2000_pca40__solar_orthogonal__random_seed_41__s41__a0__l1p00,pancreas,solar_orthogonal,core,41,hvg2000_pca40,embed,e2a37e0ed63dc34b60aa535cc656400552af757a,0.34710471778623914,computed,0.9225469529628754,computed,0.870495709974908,computed,0.7325143987797496,computed,0.9265483837066133,computed,1.0,computed,0.3107143363025789,computed,0.9281067037884739,computed,,not_applicable,1.7233707406448948,computed,0.2692307692307693,computed,0.49594215024262667,computed,0.003640501452855327,computed,,not_applicable,41.0,41.0,0.0,random_seed_41,,64,64,64.0
dim64,12,core__pancreas__hvg2000_pca40__solar_orthogonal__random_seed_42__s42__a0__l1p00,pancreas,solar_orthogonal,core,42,hvg2000_pca40,embed,e2a37e0ed63dc34b60aa535cc656400552af757a,0.3571058681183971,computed,0.9015330374240875,computed,0.8651860136713767,computed,0.7277001894364923,computed,0.9209148630775786,computed,0.9999999999999998,computed,0.32001494228741584,computed,0.7889274840702699,computed,,not_applicable,1.3997237343799398,computed,0.2641509433962264,computed,0.4959421483799815,computed,0.0015493254592773287,computed,,not_applicable,42.0,42.0,0.0,random_seed_42,,64,64,64.0
dim64,13,core__pancreas__hvg2000_pca40__solar_orthogonal__random_seed_43__s43__a0__l1p00,pancreas,solar_orthogonal,core,43,hvg2000_pca40,embed,e2a37e0ed63dc34b60aa535cc656400552af757a,0.36781916179300683,computed,0.9192897975444794,computed,0.8631602526211467,computed,0.7417860431552717,computed,0.9242248676630133,computed,1.0,computed,0.3089510654672091,computed,0.9160601589587954,computed,,not_applicable,1.811406527186651,computed,0.2692307692307693,computed,0.4959421493113041,computed,0.0039804340493712065,computed,,not_applicable,43.0,43.0,0.0,random_seed_43,,64,64,64.0
dim64,14,core__pancreas__hvg2000_pca40__solar_orthogonal__random_seed_44__s44__a0__l1p00,pancreas,solar_orthogonal,core,44,hvg2000_pca40,embed,e2a37e0ed63dc34b60aa535cc656400552af757a,0.3833184855264241,computed,0.9245498180389404,computed,0.8592188504172705,computed,0.7561694365759724,computed,0.9252407953511383,computed,1.0,computed,0.31473512079703814,computed,0.9881220106831732,computed,,not_applicable,1.8518431741035157,computed,0.2641509433962264,computed,0.4959421483799815,computed,0.0014532970765319675,computed,,not_applicable,44.0,44.0,0.0,random_seed_44,,64,64,64.0
dim64,15,core__simulation_1__hvg2000_pca40__solar_orthogonal__random_seed_40__s40__a0__l1p00,simulation_1,solar_orthogonal,core,40,hvg2000_pca40,embed,e2a37e0ed63dc34b60aa535cc656400552af757a,0.45964897627274975,computed,0.9601418375968933,computed,0.9321576999577121,computed,0.7719811379216672,computed,0.9314105910757281,computed,1.0,computed,,not_applicable,1.0,computed,,not_applicable,1.7634353502986242,computed,0.9975429975429976,computed,0.5308207180351019,computed,0.11574508288058794,computed,,not_applicable,40.0,40.0,0.0,random_seed_40,,64,64,64.0
dim64,16,core__simulation_1__hvg2000_pca40__solar_orthogonal__random_seed_41__s41__a0__l1p00,simulation_1,solar_orthogonal,core,41,hvg2000_pca40,embed,e2a37e0ed63dc34b60aa535cc656400552af757a,0.5204522060181105,computed,0.9600600600242615,computed,0.9394842524709432,computed,0.7883351371105041,computed,0.9315053575102554,computed,1.0,computed,,not_applicable,1.0,computed,,not_applicable,1.7157667842663331,computed,1.0,computed,0.530820719897747,computed,0.1327180044694135,computed,,not_applicable,41.0,41.0,0.0,random_seed_41,,64,64,64.0
dim64,17,core__simulation_1__hvg2000_pca40__solar_orthogonal__random_seed_42__s42__a0__l1p00,simulation_1,solar_orthogonal,core,42,hvg2000_pca40,embed,e2a37e0ed63dc34b60aa535cc656400552af757a,0.4785902201579218,computed,0.9596897065639496,computed,0.9379222852115144,computed,0.7790330462549127,computed,0.9323165296365474,computed,1.0,computed,,not_applicable,1.0,computed,,not_applicable,1.7918077662934682,computed,1.0,computed,0.530820719897747,computed,0.13167339970658354,computed,,not_applicable,42.0,42.0,0.0,random_seed_42,,64,64,64.0
dim64,18,core__simulation_1__hvg2000_pca40__solar_orthogonal__random_seed_43__s43__a0__l1p00,simulation_1,solar_orthogonal,core,43,hvg2000_pca40,embed,e2a37e0ed63dc34b60aa535cc656400552af757a,0.4848790398877928,computed,0.9597887396812439,computed,0.9401269058052034,computed,0.7828262608500379,computed,0.9318777621349897,computed,1.0,computed,,not_applicable,1.0,computed,,not_applicable,1.8417454318589788,computed,1.0,computed,0.530820719897747,computed,0.13729476918448213,computed,,not_applicable,43.0,43.0,0.0,random_seed_43,,64,64,64.0
dim64,19,core__simulation_1__hvg2000_pca40__solar_orthogonal__random_seed_44__s44__a0__l1p00,simulation_1,solar_orthogonal,core,44,hvg2000_pca40,embed,e2a37e0ed63dc34b60aa535cc656400552af757a,0.4663938389384168,computed,0.9600829184055328,computed,0.9357703569833528,computed,0.7698177035956426,computed,0.9322580354893867,computed,1.0,computed,,not_applicable,1.0,computed,,not_applicable,1.6001961623467178,computed,0.9975429975429976,computed,0.530820719897747,computed,0.12974459066648125,computed,,not_applicable,44.0,44.0,0.0,random_seed_44,,64,64,64.0
dim64,20,core__simulation_2__hvg2000_pca40__solar_orthogonal__random_seed_40__s40__a0__l1p00,simulation_2,solar_orthogonal,core,40,hvg2000_pca40,embed,e2a37e0ed63dc34b60aa535cc656400552af757a,0.2947774381388961,computed,0.9798431098461151,computed,0.9328404801198098,computed,0.626308559946712,computed,0.435066313275791,computed,1.0,computed,,not_applicable,1.0,computed,,not_applicable,1.014018848492717,computed,0.40510948905109495,computed,0.5326087363064289,computed,0.09538771221386,computed,,not_applicable,40.0,40.0,0.0,random_seed_40,,64,64,64.0
dim64,21,core__simulation_2__hvg2000_pca40__solar_orthogonal__random_seed_41__s41__a0__l1p00,simulation_2,solar_orthogonal,core,41,hvg2000_pca40,embed,e2a37e0ed63dc34b60aa535cc656400552af757a,0.27151648560112795,computed,0.9789109528064728,computed,0.928279960266636,computed,0.6210180054396581,computed,0.4354907026972726,computed,1.0,computed,,not_applicable,1.0,computed,,not_applicable,0.9584952323047173,computed,0.44358102638821434,computed,0.5326087363064289,computed,0.05703074695469723,computed,,not_applicable,41.0,41.0,0.0,random_seed_41,,64,64,64.0
dim64,22,core__simulation_2__hvg2000_pca40__solar_orthogonal__random_seed_42__s42__a0__l1p00,simulation_2,solar_orthogonal,core,42,hvg2000_pca40,embed,e2a37e0ed63dc34b60aa535cc656400552af757a,0.29570048374544927,computed,0.9793559908866882,computed,0.9487766325644788,computed,0.6372189123100058,computed,0.4335850945387498,computed,1.0,computed,,not_applicable,1.0,computed,,not_applicable,1.1086109269730233,computed,0.47324122598062573,computed,0.5326087363064289,computed,0.04067805180998607,computed,,not_applicable,42.0,42.0,0.0,random_seed_42,,64,64,64.0
dim64,23,core__simulation_2__hvg2000_pca40__solar_orthogonal__random_seed_43__s43__a0__l1p00,simulation_2,solar_orthogonal,core,43,hvg2000_pca40,embed,e2a37e0ed63dc34b60aa535cc656400552af757a,0.30191132561160683,computed,0.9800963401794434,computed,0.9364299969363664,computed,0.6310130486889355,computed,0.435832829032976,computed,1.0,computed,,not_applicable,1.0,computed,,not_applicable,1.1030016534205735,computed,0.5181874229346486,computed,0.5326087363064289,computed,0.08402950445334578,computed,,not_applicable,43.0,43.0,0.0,random_seed_43,,64,64,64.0
dim64,24,core__simulation_2__hvg2000_pca40__solar_orthogonal__random_seed_44__s44__a0__l1p00,simulation_2,solar_orthogonal,core,44,hvg2000_pca40,embed,e2a37e0ed63dc34b60aa535cc656400552af757a,0.2872911474241972,computed,0.9793763756752014,computed,0.9420143807919465,computed,0.6246682758415044,computed,0.4369603259894865,computed,1.0,computed,,not_applicable,1.0,computed,,not_applicable,0.9361541783054865,computed,0.499921984709003,computed,0.5326087363064289,computed,0.034220564768256745,computed,,not_applicable,44.0,44.0,0.0,random_seed_44,,64,64,64.0
